NormalDia,50.2561
Center,-7.11568,-23.5112,-8.90305

